Launch Site,Lat,Long,class
CCAFS SLC 40,28.5618571,-80.577366,0
CCAFS SLC 40,28.5618571,-80.577366,0
CCAFS SLC 40,28.5618571,-80.577366,0
VAFB SLC 4E,34.632093,-120.610829,0
CCAFS SLC 40,28.5618571,-80.577366,0
CCAFS SLC 40,28.5618571,-80.577366,0
CCAFS SLC 40,28.5618571,-80.577366,1
CCAFS SLC 40,28.5618571,-80.577366,1
CCAFS SLC 40,28.5618571,-80.577366,0
CCAFS SLC 40,28.5618571,-80.577366,0
CCAFS SLC 40,28.5618571,-80.577366,0
CCAFS SLC 40,28.5618571,-80.577366,0
CCAFS SLC 40,28.5618571,-80.577366,1
CCAFS SLC 40,28.5618571,-80.577366,0
CCAFS SLC 40,28.5618571,-80.577366,0
CCAFS SLC 40,28.5618571,-80.577366,0
CCAFS SLC 40,28.5618571,-80.577366,1
VAFB SLC 4E,34.632093,-120.610829,0
CCAFS SLC 40,28.5618571,-80.577366,0
CCAFS SLC 40,28.5618571,-80.577366,1
CCAFS SLC 40,28.5618571,-80.577366,1
CCAFS SLC 40,28.5618571,-80.577366,1
CCAFS SLC 40,28.5618571,-80.577366,1
CCAFS SLC 40,28.5618571,-80.577366,1
CCAFS SLC 40,28.5618571,-80.577366,0
VAFB SLC 4E,34.632093,-120.610829,1
KSC LC 39A,28.6080585,-80.6039558,1
KSC LC 39A,28.6080585,-80.6039558,0
KSC LC 39A,28.6080585,-80.6039558,1
KSC LC 39A,28.6080585,-80.6039558,1
KSC LC 39A,28.6080585,-80.6039558,0
KSC LC 39A,28.6080585,-80.6039558,1
KSC LC 39A,28.6080585,-80.6039558,1
VAFB SLC 4E,34.632093,-120.610829,1
KSC LC 39A,28.6080585,-80.6039558,0
KSC LC 39A,28.6080585,-80.6039558,1
VAFB SLC 4E,34.632093,-120.610829,1
KSC LC 39A,28.6080585,-80.6039558,1
VAFB SLC 4E,34.632093,-120.610829,1
KSC LC 39A,28.6080585,-80.6039558,1
KSC LC 39A,28.6080585,-80.6039558,1
CCAFS SLC 40,28.5618571,-80.577366,1
VAFB SLC 4E,34.632093,-120.610829,1
CCAFS SLC 40,28.5618571,-80.577366,1
CCAFS SLC 40,28.5618571,-80.577366,1
CCAFS SLC 40,28.5618571,-80.577366,0
VAFB SLC 4E,34.632093,-120.610829,0
CCAFS SLC 40,28.5618571,-80.577366,0
CCAFS SLC 40,28.5618571,-80.577366,1
KSC LC 39A,28.6080585,-80.6039558,1
CCAFS SLC 40,28.5618571,-80.577366,0
CCAFS SLC 40,28.5618571,-80.577366,0
CCAFS SLC 40,28.5618571,-80.577366,1
VAFB SLC 4E,34.632093,-120.610829,1
CCAFS SLC 40,28.5618571,-80.577366,1
CCAFS SLC 40,28.5618571,-80.577366,1
VAFB SLC 4E,34.632093,-120.610829,1
KSC LC 39A,28.6080585,-80.6039558,1
VAFB SLC 4E,34.632093,-120.610829,1
CCAFS SLC 40,28.5618571,-80.577366,0
CCAFS SLC 40,28.5618571,-80.577366,0
VAFB SLC 4E,34.632093,-120.610829,1
KSC LC 39A,28.6080585,-80.6039558,1
CCAFS SLC 40,28.5618571,-80.577366,1
CCAFS SLC 40,28.5618571,-80.577366,1
VAFB SLC 4E,34.632093,-120.610829,1
CCAFS SLC 40,28.5618571,-80.577366,1
CCAFS SLC 40,28.5618571,-80.577366,0
CCAFS SLC 40,28.5618571,-80.577366,1
CCAFS SLC 40,28.5618571,-80.577366,1
CCAFS SLC 40,28.5618571,-80.577366,1
CCAFS SLC 40,28.5618571,-80.577366,1
KSC LC 39A,28.6080585,-80.6039558,0
CCAFS SLC 40,28.5618571,-80.577366,1
CCAFS SLC 40,28.5618571,-80.577366,0
CCAFS SLC 40,28.5618571,-80.577366,1
KSC LC 39A,28.6080585,-80.6039558,0
KSC LC 39A,28.6080585,-80.6039558,1
KSC LC 39A,28.6080585,-80.6039558,1
CCAFS SLC 40,28.5618571,-80.577366,1
CCAFS SLC 40,28.5618571,-80.577366,1
CCAFS SLC 40,28.5618571,-80.577366,1
CCAFS SLC 40,28.5618571,-80.577366,1
CCAFS SLC 40,28.5618571,-80.577366,1
CCAFS SLC 40,28.5618571,-80.577366,1
KSC LC 39A,28.6080585,-80.6039558,1
KSC LC 39A,28.6080585,-80.6039558,1
KSC LC 39A,28.6080585,-80.6039558,1
CCAFS SLC 40,28.5618571,-80.577366,1
CCAFS SLC 40,28.5618571,-80.577366,1
